,index,technique,accuracy,precision,recall,f1_score
0,0,default,0.7894861472886574,0.7923003264067837,0.7894861472886574,0.7891562106133672
