,index,technique,accuracy,precision,recall,f1_score
0,0,default,0.7281553398058253,0.7354122269227458,0.7281553398058253,0.7269700484970077
