,label,accuracy,precision,recall,f1_score
0,neutral,0.5041407867494824,0.6111111111111112,0.5641025641025641,0.5866666666666667
1,positive,0.5041407867494824,0.4909090909090909,0.44328358208955226,0.46588235294117647
2,negative,0.5041407867494824,0.19122257053291536,0.3588235294117647,0.24948875255623723
