,label,accuracy,precision,recall,f1_score
0,positive,0.45420906567992597,0.5352564102564102,0.3830275229357798,0.446524064171123
1,negative,0.45420906567992597,0.1411764705882353,0.5625,0.22570532915360503
2,neutral,0.45420906567992597,0.5603112840466926,0.49569707401032703,0.5260273972602739
