,index,technique,accuracy,precision,recall,f1_score
0,0,lemmatize,0.7148946246744021,0.7218118378313516,0.7148946246744021,0.7138171275750892
