,index,technique,accuracy,precision,recall,f1_score
0,0,lemmatize,0.7823821927539664,0.7845823250425533,0.7823821927539664,0.7821156763738129
