,label,accuracy,precision,recall,f1_score
0,neutral,0.463768115942029,0.6093552465233881,0.4413919413919414,0.5119490175252257
1,positive,0.463768115942029,0.48462664714494874,0.49402985074626865,0.4892830746489283
2,negative,0.463768115942029,0.1812227074235808,0.48823529411764705,0.2643312101910828
