,index,technique,accuracy,precision,recall,f1_score
0,0,lower_case,0.6812692398768648,0.6881328099895068,0.6812692398768648,0.6803763008864052
