,index,technique,accuracy,precision,recall,f1_score
0,0,lower_case,0.7416528534217381,0.7485901332726235,0.7416528534217381,0.7410468276305157
