,label,accuracy,precision,recall,f1_score
0,positive,0.4192546583850932,0.4781849912739965,0.408955223880597,0.44086886564762673
1,negative,0.4192546583850932,0.17335473515248795,0.6352941176470588,0.2723833543505675
2,neutral,0.4192546583850932,0.5815217391304348,0.39194139194139194,0.4682713347921225
