,label,accuracy,precision,recall,f1_score
0,positive,0.4495837187789084,0.5337423312883436,0.39908256880733944,0.4566929133858268
1,negative,0.4495837187789084,0.12686567164179105,0.53125,0.20481927710843373
2,neutral,0.4495837187789084,0.5708418891170431,0.4784853700516351,0.5205992509363296
