,label,accuracy,precision,recall,f1_score
0,neutral,0.5010351966873706,0.6082272282076395,0.5686813186813187,0.587789872219593
1,positive,0.5010351966873706,0.48247078464106846,0.43134328358208956,0.45547675334909377
2,negative,0.5010351966873706,0.1858974358974359,0.3411764705882353,0.24066390041493776
