,label,accuracy,precision,recall,f1_score
0,neutral,0.4824016563146998,0.6081370449678801,0.5201465201465202,0.56071076011846
1,positive,0.4824016563146998,0.4860426929392447,0.4417910447761194,0.4628616106333073
2,negative,0.4824016563146998,0.17480719794344474,0.4,0.24329159212880144
