,label,accuracy,precision,recall,f1_score
0,neutral,0.5196687370600414,0.6104265402843602,0.5897435897435898,0.599906846762925
1,positive,0.5196687370600414,0.4813664596273292,0.4626865671641791,0.471841704718417
2,negative,0.5196687370600414,0.2145922746781116,0.29411764705882354,0.24813895781637718
