,label,accuracy,precision,recall,f1_score
0,positive,0.4495837187789084,0.526984126984127,0.38073394495412843,0.4420772303595206
1,negative,0.4495837187789084,0.13618677042801555,0.546875,0.21806853582554517
2,neutral,0.4495837187789084,0.5599214145383105,0.4905335628227194,0.5229357798165137
