,label,accuracy,precision,recall,f1_score
0,neutral,0.4994824016563147,0.616580310880829,0.5448717948717948,0.5785123966942148
1,positive,0.4994824016563147,0.49508196721311476,0.4507462686567164,0.471875
2,negative,0.4994824016563147,0.19047619047619047,0.4,0.25806451612903225
