,label,accuracy,precision,recall,f1_score
0,positive,0.4431082331174838,0.5352564102564102,0.3830275229357798,0.446524064171123
1,negative,0.4431082331174838,0.13186813186813187,0.5625,0.21364985163204747
2,neutral,0.4431082331174838,0.5564516129032258,0.4750430292598967,0.5125348189415042
