,label,accuracy,precision,recall,f1_score
0,positive,0.474120082815735,0.5010309278350515,0.36268656716417913,0.42077922077922075
1,negative,0.474120082815735,0.17303370786516853,0.45294117647058824,0.25040650406504067
2,neutral,0.474120082815735,0.5948103792415169,0.5457875457875457,0.5692454632282713
