,label,accuracy,precision,recall,f1_score
0,neutral,0.5041407867494824,0.6118811881188119,0.5659340659340659,0.588011417697431
1,positive,0.5041407867494824,0.5098743267504489,0.42388059701492536,0.46291768541157297
2,negative,0.5041407867494824,0.19726027397260273,0.4235294117647059,0.2691588785046729
