,label,accuracy,precision,recall,f1_score
0,neutral,0.5025879917184265,0.6218487394957983,0.5421245421245421,0.5792563600782779
1,positive,0.5025879917184265,0.4983922829581994,0.4626865671641791,0.47987616099071206
2,negative,0.5025879917184265,0.19273743016759776,0.40588235294117647,0.26136363636363635
