,index,technique,accuracy,precision,recall,f1_score
0,0,remove_punctuation,0.7681742836845844,0.7723089012749231,0.7681742836845844,0.7677132698432084
