,label,accuracy,precision,recall,f1_score
0,positive,0.4551341350601295,0.5442622950819672,0.38073394495412843,0.44804318488529016
1,negative,0.4551341350601295,0.13095238095238096,0.515625,0.2088607594936709
2,neutral,0.4551341350601295,0.5591603053435115,0.504302925989673,0.530316742081448
