,index,technique,accuracy,precision,recall,f1_score
0,0,stemming,0.6680085247454416,0.6688606928472574,0.6680085247454416,0.6679658392710283
