,index,technique,accuracy,precision,recall,f1_score
0,0,stemming,0.7196305943641961,0.722808741035717,0.7196305943641961,0.7185819665032983
