,label,accuracy,precision,recall,f1_score
0,positive,0.4440333024976873,0.4634146341463415,0.26146788990825687,0.3343108504398827
1,negative,0.4440333024976873,0.13846153846153847,0.421875,0.2084942084942085
2,neutral,0.4440333024976873,0.5296875,0.5834767641996558,0.5552825552825553
