,label,accuracy,precision,recall,f1_score
0,positive,0.4746376811594203,0.4469135802469136,0.2701492537313433,0.33674418604651163
1,negative,0.4746376811594203,0.18,0.37058823529411766,0.2423076923076923
2,neutral,0.4746376811594203,0.5717926932880204,0.6163003663003663,0.5932128691053328
